model,final_games,logloss,auc,brier,accuracy
LightGBM(new),413,0.6165935278564594,0.9902912621359223,0.21204703463271396,0.5738498789346247
